Model,CV_Accuracy_Mean,CV_Accuracy_Std,Test_Accuracy,Precision_Weighted,Recall_Weighted,F1_Weighted
K-Nearest Neighbours,0.9233096826198258,0.0045795851555133615,0.9166360631656262,0.9174092603022151,0.9166360631656262,0.9168048079580466
Random Forest,0.9239521789068703,0.00527600793741407,0.9206757253029747,0.9208576443288373,0.9206757253029747,0.9206504710179503
SVM (RBF),0.933596161219663,0.005261852152931193,0.9243481454278369,0.9243200439610855,0.9243481454278369,0.9242952775176317
